{"cameraMode":{"drawMode":0,"name":"Shaded","section":"Shading Mode"},"sceneLighting":false,"audioPlay":false,"sceneViewState":{"m_AlwaysRefresh":false,"showFog":true,"showSkybox":false,"showFlares":true,"showImageEffects":true,"showParticleSystems":true,"showVisualEffectGraphs":true,"m_FxEnabled":true},"in2DMode":false,"pivot":{"x":-0.000379711389541626,"y":0.8568172454833984,"z":0.0196085125207901},"rotation":{"x":0.26112690567970278,"y":0.6385406255722046,"z":-0.24473337829113007,"w":0.6813165545463562},"size":1.1286091804504395,"orthographic":false}